{
	"schemaVersion": 1,
	"id": "nxnightvision",
	"version": "${version}",
	"name": "NxNightVision",
	"description": "This is an example description! Tell everyone what your mod is about!",
	"authors": [
		"Me!"
	],
	"contact": {
		"homepage": "https://fabricmc.net/",
		"sources": "https://github.com/FabricMC/fabric-example-mod"
	},
	"license": "CC0-1.0",
	"icon": "assets/nxnightvision/icon.png",
	"environment": "*",
	"entrypoints": {
		"main": [
			"com.notrenzo.NxNightVision"
		]
	},
	"mixins": [
		"nxnightvision.mixins.json"
	],
	"depends": {
		"fabricloader": ">=0.17.3",
		"minecraft": "~1.21.4",
		"java": ">=21",
		"fabric-api": "*"
	},
	"suggests": {
		"another-mod": "*"
	}
}